hash,pmin_veripb_exitcode,pmin_veripb_result,pmin_veripb_CPUTIME,pmin_veripb_MAXVM,pmin_veripb_HOSTNAME,pmin_veripb_SLURM_ARRAY_TASK_ID,pmin_veripb_out,pmin_veripb_var,pmin_veripb_wat
009f795766e470b1e3f38815240eeae3,0,solved,535.247,634884,kale-814.local.cs.helsinki.fi,1,/wrk-kappa/users/chrisjab/gbd-experiments/mo-proofs-reruns/results/009f795766e470b1e3f38815240eeae3.pmin.veripb.out,/wrk-kappa/users/chrisjab/gbd-experiments/mo-proofs-reruns/results/009f795766e470b1e3f38815240eeae3.pmin.veripb.var,/wrk-kappa/users/chrisjab/gbd-experiments/mo-proofs-reruns/results/009f795766e470b1e3f38815240eeae3.pmin.veripb.wat
01e6ba61c8ac436a870013cbc0373579,0,solved,548.934,1888204,kale-809.local.cs.helsinki.fi,3,/wrk-kappa/users/chrisjab/gbd-experiments/mo-proofs-reruns/results/01e6ba61c8ac436a870013cbc0373579.pmin.veripb.out,/wrk-kappa/users/chrisjab/gbd-experiments/mo-proofs-reruns/results/01e6ba61c8ac436a870013cbc0373579.pmin.veripb.var,/wrk-kappa/users/chrisjab/gbd-experiments/mo-proofs-reruns/results/01e6ba61c8ac436a870013cbc0373579.pmin.veripb.wat
01f0768e486bff9e8c1752f112cbdfcc,0,solved,10408.1,15192780,kale-813.local.cs.helsinki.fi,4,/wrk-kappa/users/chrisjab/gbd-experiments/mo-proofs-reruns/results/01f0768e486bff9e8c1752f112cbdfcc.pmin.veripb.out,/wrk-kappa/users/chrisjab/gbd-experiments/mo-proofs-reruns/results/01f0768e486bff9e8c1752f112cbdfcc.pmin.veripb.var,/wrk-kappa/users/chrisjab/gbd-experiments/mo-proofs-reruns/results/01f0768e486bff9e8c1752f112cbdfcc.pmin.veripb.wat
02ffa741b87530c365a78bbd51d2d317,0,solved,6.12949,70000,kale-805.local.cs.helsinki.fi,6,/wrk-kappa/users/chrisjab/gbd-experiments/mo-proofs-reruns/results/02ffa741b87530c365a78bbd51d2d317.pmin.veripb.out,/wrk-kappa/users/chrisjab/gbd-experiments/mo-proofs-reruns/results/02ffa741b87530c365a78bbd51d2d317.pmin.veripb.var,/wrk-kappa/users/chrisjab/gbd-experiments/mo-proofs-reruns/results/02ffa741b87530c365a78bbd51d2d317.pmin.veripb.wat
031398e89f8c691036f2483ee8d0741e,0,solved,128.643,1038064,kale-805.local.cs.helsinki.fi,7,/wrk-kappa/users/chrisjab/gbd-experiments/mo-proofs-reruns/results/031398e89f8c691036f2483ee8d0741e.pmin.veripb.out,/wrk-kappa/users/chrisjab/gbd-experiments/mo-proofs-reruns/results/031398e89f8c691036f2483ee8d0741e.pmin.veripb.var,/wrk-kappa/users/chrisjab/gbd-experiments/mo-proofs-reruns/results/031398e89f8c691036f2483ee8d0741e.pmin.veripb.wat
070cfcf28df41a2d25853d2b6e6410bf,0,solved,1878.2,4330784,kale-814.local.cs.helsinki.fi,12,/wrk-kappa/users/chrisjab/gbd-experiments/mo-proofs-reruns/results/070cfcf28df41a2d25853d2b6e6410bf.pmin.veripb.out,/wrk-kappa/users/chrisjab/gbd-experiments/mo-proofs-reruns/results/070cfcf28df41a2d25853d2b6e6410bf.pmin.veripb.var,/wrk-kappa/users/chrisjab/gbd-experiments/mo-proofs-reruns/results/070cfcf28df41a2d25853d2b6e6410bf.pmin.veripb.wat
075752eba5c0f4ec5abacca1cf7877a6,0,solved,527.932,472300,kale-817.local.cs.helsinki.fi,13,/wrk-kappa/users/chrisjab/gbd-experiments/mo-proofs-reruns/results/075752eba5c0f4ec5abacca1cf7877a6.pmin.veripb.out,/wrk-kappa/users/chrisjab/gbd-experiments/mo-proofs-reruns/results/075752eba5c0f4ec5abacca1cf7877a6.pmin.veripb.var,/wrk-kappa/users/chrisjab/gbd-experiments/mo-proofs-reruns/results/075752eba5c0f4ec5abacca1cf7877a6.pmin.veripb.wat
07bf0e9791e8c94100b3f44ea0c00f44,0,solved,7285.23,10321404,kale-812.local.cs.helsinki.fi,16,/wrk-kappa/users/chrisjab/gbd-experiments/mo-proofs-reruns/results/07bf0e9791e8c94100b3f44ea0c00f44.pmin.veripb.out,/wrk-kappa/users/chrisjab/gbd-experiments/mo-proofs-reruns/results/07bf0e9791e8c94100b3f44ea0c00f44.pmin.veripb.var,/wrk-kappa/users/chrisjab/gbd-experiments/mo-proofs-reruns/results/07bf0e9791e8c94100b3f44ea0c00f44.pmin.veripb.wat
08713e4014212cfb4b5f38af643a7a55,0,solved,4765.92,4202896,kale-814.local.cs.helsinki.fi,19,/wrk-kappa/users/chrisjab/gbd-experiments/mo-proofs-reruns/results/08713e4014212cfb4b5f38af643a7a55.pmin.veripb.out,/wrk-kappa/users/chrisjab/gbd-experiments/mo-proofs-reruns/results/08713e4014212cfb4b5f38af643a7a55.pmin.veripb.var,/wrk-kappa/users/chrisjab/gbd-experiments/mo-proofs-reruns/results/08713e4014212cfb4b5f38af643a7a55.pmin.veripb.wat
0a92f0b6321097b10c84e4cd4c64c66f,0,solved,2200.4,1186472,kale-812.local.cs.helsinki.fi,21,/wrk-kappa/users/chrisjab/gbd-experiments/mo-proofs-reruns/results/0a92f0b6321097b10c84e4cd4c64c66f.pmin.veripb.out,/wrk-kappa/users/chrisjab/gbd-experiments/mo-proofs-reruns/results/0a92f0b6321097b10c84e4cd4c64c66f.pmin.veripb.var,/wrk-kappa/users/chrisjab/gbd-experiments/mo-proofs-reruns/results/0a92f0b6321097b10c84e4cd4c64c66f.pmin.veripb.wat
0bc6c5e6674f0cd4aa4c3bf1cf2ebc70,0,solved,2696.79,1554116,kale-803.local.cs.helsinki.fi,23,/wrk-kappa/users/chrisjab/gbd-experiments/mo-proofs-reruns/results/0bc6c5e6674f0cd4aa4c3bf1cf2ebc70.pmin.veripb.out,/wrk-kappa/users/chrisjab/gbd-experiments/mo-proofs-reruns/results/0bc6c5e6674f0cd4aa4c3bf1cf2ebc70.pmin.veripb.var,/wrk-kappa/users/chrisjab/gbd-experiments/mo-proofs-reruns/results/0bc6c5e6674f0cd4aa4c3bf1cf2ebc70.pmin.veripb.wat
0ec932de353de4de3bc67c4caec08bb9,0,solved,1.82185,60444,kale-804.local.cs.helsinki.fi,25,/wrk-kappa/users/chrisjab/gbd-experiments/mo-proofs-reruns/results/0ec932de353de4de3bc67c4caec08bb9.pmin.veripb.out,/wrk-kappa/users/chrisjab/gbd-experiments/mo-proofs-reruns/results/0ec932de353de4de3bc67c4caec08bb9.pmin.veripb.var,/wrk-kappa/users/chrisjab/gbd-experiments/mo-proofs-reruns/results/0ec932de353de4de3bc67c4caec08bb9.pmin.veripb.wat
1194882463ab07878f54451af45aebb0,0,solved,0.261747,50996,kale-804.local.cs.helsinki.fi,29,/wrk-kappa/users/chrisjab/gbd-experiments/mo-proofs-reruns/results/1194882463ab07878f54451af45aebb0.pmin.veripb.out,/wrk-kappa/users/chrisjab/gbd-experiments/mo-proofs-reruns/results/1194882463ab07878f54451af45aebb0.pmin.veripb.var,/wrk-kappa/users/chrisjab/gbd-experiments/mo-proofs-reruns/results/1194882463ab07878f54451af45aebb0.pmin.veripb.wat
1268a856ade793b1cd358628bc21ec20,0,solved,3150.84,3399412,kale-805.local.cs.helsinki.fi,30,/wrk-kappa/users/chrisjab/gbd-experiments/mo-proofs-reruns/results/1268a856ade793b1cd358628bc21ec20.pmin.veripb.out,/wrk-kappa/users/chrisjab/gbd-experiments/mo-proofs-reruns/results/1268a856ade793b1cd358628bc21ec20.pmin.veripb.var,/wrk-kappa/users/chrisjab/gbd-experiments/mo-proofs-reruns/results/1268a856ade793b1cd358628bc21ec20.pmin.veripb.wat
1315c7a70e5233b354e17e8eb55fa9e9,0,solved,3445.01,1153768,kale-804.local.cs.helsinki.fi,31,/wrk-kappa/users/chrisjab/gbd-experiments/mo-proofs-reruns/results/1315c7a70e5233b354e17e8eb55fa9e9.pmin.veripb.out,/wrk-kappa/users/chrisjab/gbd-experiments/mo-proofs-reruns/results/1315c7a70e5233b354e17e8eb55fa9e9.pmin.veripb.var,/wrk-kappa/users/chrisjab/gbd-experiments/mo-proofs-reruns/results/1315c7a70e5233b354e17e8eb55fa9e9.pmin.veripb.wat
13d31acb79375c7fddc4c7dcfb2dacf9,0,solved,22010.9,8454320,kale-802.local.cs.helsinki.fi,32,/wrk-kappa/users/chrisjab/gbd-experiments/mo-proofs-reruns/results/13d31acb79375c7fddc4c7dcfb2dacf9.pmin.veripb.out,/wrk-kappa/users/chrisjab/gbd-experiments/mo-proofs-reruns/results/13d31acb79375c7fddc4c7dcfb2dacf9.pmin.veripb.var,/wrk-kappa/users/chrisjab/gbd-experiments/mo-proofs-reruns/results/13d31acb79375c7fddc4c7dcfb2dacf9.pmin.veripb.wat
14ebdfdede4d00ddb39afd0ec2e96272,0,solved,227.427,1954448,kale-817.local.cs.helsinki.fi,34,/wrk-kappa/users/chrisjab/gbd-experiments/mo-proofs-reruns/results/14ebdfdede4d00ddb39afd0ec2e96272.pmin.veripb.out,/wrk-kappa/users/chrisjab/gbd-experiments/mo-proofs-reruns/results/14ebdfdede4d00ddb39afd0ec2e96272.pmin.veripb.var,/wrk-kappa/users/chrisjab/gbd-experiments/mo-proofs-reruns/results/14ebdfdede4d00ddb39afd0ec2e96272.pmin.veripb.wat
1502e8556290e5b1a5275e952c42a374,0,solved,2309.59,5327352,kale-812.local.cs.helsinki.fi,35,/wrk-kappa/users/chrisjab/gbd-experiments/mo-proofs-reruns/results/1502e8556290e5b1a5275e952c42a374.pmin.veripb.out,/wrk-kappa/users/chrisjab/gbd-experiments/mo-proofs-reruns/results/1502e8556290e5b1a5275e952c42a374.pmin.veripb.var,/wrk-kappa/users/chrisjab/gbd-experiments/mo-proofs-reruns/results/1502e8556290e5b1a5275e952c42a374.pmin.veripb.wat
15a1564a23052f58fe69c22d70ea7bbb,0,solved,0.180791,49884,kale-805.local.cs.helsinki.fi,37,/wrk-kappa/users/chrisjab/gbd-experiments/mo-proofs-reruns/results/15a1564a23052f58fe69c22d70ea7bbb.pmin.veripb.out,/wrk-kappa/users/chrisjab/gbd-experiments/mo-proofs-reruns/results/15a1564a23052f58fe69c22d70ea7bbb.pmin.veripb.var,/wrk-kappa/users/chrisjab/gbd-experiments/mo-proofs-reruns/results/15a1564a23052f58fe69c22d70ea7bbb.pmin.veripb.wat
1a06f0b7ebad371fb7912f623052846a,0,solved,0.522282,51668,kale-813.local.cs.helsinki.fi,39,/wrk-kappa/users/chrisjab/gbd-experiments/mo-proofs-reruns/results/1a06f0b7ebad371fb7912f623052846a.pmin.veripb.out,/wrk-kappa/users/chrisjab/gbd-experiments/mo-proofs-reruns/results/1a06f0b7ebad371fb7912f623052846a.pmin.veripb.var,/wrk-kappa/users/chrisjab/gbd-experiments/mo-proofs-reruns/results/1a06f0b7ebad371fb7912f623052846a.pmin.veripb.wat
1a4e608b8d8a1f0420d16d02d70b05a0,0,solved,2137.95,10761788,kale-805.local.cs.helsinki.fi,40,/wrk-kappa/users/chrisjab/gbd-experiments/mo-proofs-reruns/results/1a4e608b8d8a1f0420d16d02d70b05a0.pmin.veripb.out,/wrk-kappa/users/chrisjab/gbd-experiments/mo-proofs-reruns/results/1a4e608b8d8a1f0420d16d02d70b05a0.pmin.veripb.var,/wrk-kappa/users/chrisjab/gbd-experiments/mo-proofs-reruns/results/1a4e608b8d8a1f0420d16d02d70b05a0.pmin.veripb.wat
1ac6f6094567599c439191c482f9cc53,signal 15 (SIGTERM),timeout,36000.2,10460484,kale-813.local.cs.helsinki.fi,41,/wrk-kappa/users/chrisjab/gbd-experiments/mo-proofs-reruns/results/1ac6f6094567599c439191c482f9cc53.pmin.veripb.out,/wrk-kappa/users/chrisjab/gbd-experiments/mo-proofs-reruns/results/1ac6f6094567599c439191c482f9cc53.pmin.veripb.var,/wrk-kappa/users/chrisjab/gbd-experiments/mo-proofs-reruns/results/1ac6f6094567599c439191c482f9cc53.pmin.veripb.wat
1c124d4903de29a6242f36f2c4da3c2d,0,solved,2893.94,6144052,kale-816.local.cs.helsinki.fi,43,/wrk-kappa/users/chrisjab/gbd-experiments/mo-proofs-reruns/results/1c124d4903de29a6242f36f2c4da3c2d.pmin.veripb.out,/wrk-kappa/users/chrisjab/gbd-experiments/mo-proofs-reruns/results/1c124d4903de29a6242f36f2c4da3c2d.pmin.veripb.var,/wrk-kappa/users/chrisjab/gbd-experiments/mo-proofs-reruns/results/1c124d4903de29a6242f36f2c4da3c2d.pmin.veripb.wat
1e04f43b625e01ddaa9fe813d5b6f10f,0,solved,0.579137,54220,kale-811.local.cs.helsinki.fi,45,/wrk-kappa/users/chrisjab/gbd-experiments/mo-proofs-reruns/results/1e04f43b625e01ddaa9fe813d5b6f10f.pmin.veripb.out,/wrk-kappa/users/chrisjab/gbd-experiments/mo-proofs-reruns/results/1e04f43b625e01ddaa9fe813d5b6f10f.pmin.veripb.var,/wrk-kappa/users/chrisjab/gbd-experiments/mo-proofs-reruns/results/1e04f43b625e01ddaa9fe813d5b6f10f.pmin.veripb.wat
1f5afe9be95089df7bf99eef7ace7ac6,0,solved,5.52809,70040,kale-806.local.cs.helsinki.fi,48,/wrk-kappa/users/chrisjab/gbd-experiments/mo-proofs-reruns/results/1f5afe9be95089df7bf99eef7ace7ac6.pmin.veripb.out,/wrk-kappa/users/chrisjab/gbd-experiments/mo-proofs-reruns/results/1f5afe9be95089df7bf99eef7ace7ac6.pmin.veripb.var,/wrk-kappa/users/chrisjab/gbd-experiments/mo-proofs-reruns/results/1f5afe9be95089df7bf99eef7ace7ac6.pmin.veripb.wat
20c17f3f8d8298cefb98e79cdd4d9a29,0,solved,4.58983,64724,kale-811.local.cs.helsinki.fi,50,/wrk-kappa/users/chrisjab/gbd-experiments/mo-proofs-reruns/results/20c17f3f8d8298cefb98e79cdd4d9a29.pmin.veripb.out,/wrk-kappa/users/chrisjab/gbd-experiments/mo-proofs-reruns/results/20c17f3f8d8298cefb98e79cdd4d9a29.pmin.veripb.var,/wrk-kappa/users/chrisjab/gbd-experiments/mo-proofs-reruns/results/20c17f3f8d8298cefb98e79cdd4d9a29.pmin.veripb.wat
24234fdf05503b95e9e10f24fc73f0ae,signal 15 (SIGTERM),timeout,36000.1,6340460,kale-806.local.cs.helsinki.fi,55,/wrk-kappa/users/chrisjab/gbd-experiments/mo-proofs-reruns/results/24234fdf05503b95e9e10f24fc73f0ae.pmin.veripb.out,/wrk-kappa/users/chrisjab/gbd-experiments/mo-proofs-reruns/results/24234fdf05503b95e9e10f24fc73f0ae.pmin.veripb.var,/wrk-kappa/users/chrisjab/gbd-experiments/mo-proofs-reruns/results/24234fdf05503b95e9e10f24fc73f0ae.pmin.veripb.wat
268eb33adb274db95ef66bf91c67fedb,0,solved,23921.5,8282516,kale-808.local.cs.helsinki.fi,56,/wrk-kappa/users/chrisjab/gbd-experiments/mo-proofs-reruns/results/268eb33adb274db95ef66bf91c67fedb.pmin.veripb.out,/wrk-kappa/users/chrisjab/gbd-experiments/mo-proofs-reruns/results/268eb33adb274db95ef66bf91c67fedb.pmin.veripb.var,/wrk-kappa/users/chrisjab/gbd-experiments/mo-proofs-reruns/results/268eb33adb274db95ef66bf91c67fedb.pmin.veripb.wat
27f27886984b4ddc53c1fa3ada3481db,0,solved,1807.98,6975660,kale-811.local.cs.helsinki.fi,57,/wrk-kappa/users/chrisjab/gbd-experiments/mo-proofs-reruns/results/27f27886984b4ddc53c1fa3ada3481db.pmin.veripb.out,/wrk-kappa/users/chrisjab/gbd-experiments/mo-proofs-reruns/results/27f27886984b4ddc53c1fa3ada3481db.pmin.veripb.var,/wrk-kappa/users/chrisjab/gbd-experiments/mo-proofs-reruns/results/27f27886984b4ddc53c1fa3ada3481db.pmin.veripb.wat
2ff24a5dced797320f27232466bce889,0,solved,4999.67,9018472,kale-804.local.cs.helsinki.fi,64,/wrk-kappa/users/chrisjab/gbd-experiments/mo-proofs-reruns/results/2ff24a5dced797320f27232466bce889.pmin.veripb.out,/wrk-kappa/users/chrisjab/gbd-experiments/mo-proofs-reruns/results/2ff24a5dced797320f27232466bce889.pmin.veripb.var,/wrk-kappa/users/chrisjab/gbd-experiments/mo-proofs-reruns/results/2ff24a5dced797320f27232466bce889.pmin.veripb.wat
319e8a16af47df2e7afe67b58ab7546d,0,solved,1.66309,57676,kale-817.local.cs.helsinki.fi,66,/wrk-kappa/users/chrisjab/gbd-experiments/mo-proofs-reruns/results/319e8a16af47df2e7afe67b58ab7546d.pmin.veripb.out,/wrk-kappa/users/chrisjab/gbd-experiments/mo-proofs-reruns/results/319e8a16af47df2e7afe67b58ab7546d.pmin.veripb.var,/wrk-kappa/users/chrisjab/gbd-experiments/mo-proofs-reruns/results/319e8a16af47df2e7afe67b58ab7546d.pmin.veripb.wat
31e4ff66d1ebe5140fecb150d6ae30c4,0,solved,1226.22,3309472,kale-811.local.cs.helsinki.fi,69,/wrk-kappa/users/chrisjab/gbd-experiments/mo-proofs-reruns/results/31e4ff66d1ebe5140fecb150d6ae30c4.pmin.veripb.out,/wrk-kappa/users/chrisjab/gbd-experiments/mo-proofs-reruns/results/31e4ff66d1ebe5140fecb150d6ae30c4.pmin.veripb.var,/wrk-kappa/users/chrisjab/gbd-experiments/mo-proofs-reruns/results/31e4ff66d1ebe5140fecb150d6ae30c4.pmin.veripb.wat
32b7ab4e9b090b0080e610b6a828bf4a,0,solved,2774.16,2556280,kale-817.local.cs.helsinki.fi,70,/wrk-kappa/users/chrisjab/gbd-experiments/mo-proofs-reruns/results/32b7ab4e9b090b0080e610b6a828bf4a.pmin.veripb.out,/wrk-kappa/users/chrisjab/gbd-experiments/mo-proofs-reruns/results/32b7ab4e9b090b0080e610b6a828bf4a.pmin.veripb.var,/wrk-kappa/users/chrisjab/gbd-experiments/mo-proofs-reruns/results/32b7ab4e9b090b0080e610b6a828bf4a.pmin.veripb.wat
32fe4527cc9d2c943f03b2ae19ba0611,0,solved,14.8669,169980,kale-816.local.cs.helsinki.fi,71,/wrk-kappa/users/chrisjab/gbd-experiments/mo-proofs-reruns/results/32fe4527cc9d2c943f03b2ae19ba0611.pmin.veripb.out,/wrk-kappa/users/chrisjab/gbd-experiments/mo-proofs-reruns/results/32fe4527cc9d2c943f03b2ae19ba0611.pmin.veripb.var,/wrk-kappa/users/chrisjab/gbd-experiments/mo-proofs-reruns/results/32fe4527cc9d2c943f03b2ae19ba0611.pmin.veripb.wat
3318c7296eb4e2daf1600b4a995439ee,0,solved,276.736,1747816,kale-803.local.cs.helsinki.fi,72,/wrk-kappa/users/chrisjab/gbd-experiments/mo-proofs-reruns/results/3318c7296eb4e2daf1600b4a995439ee.pmin.veripb.out,/wrk-kappa/users/chrisjab/gbd-experiments/mo-proofs-reruns/results/3318c7296eb4e2daf1600b4a995439ee.pmin.veripb.var,/wrk-kappa/users/chrisjab/gbd-experiments/mo-proofs-reruns/results/3318c7296eb4e2daf1600b4a995439ee.pmin.veripb.wat
33f201196e385a5d35742218beb883fa,0,solved,0.655547,55352,kale-816.local.cs.helsinki.fi,74,/wrk-kappa/users/chrisjab/gbd-experiments/mo-proofs-reruns/results/33f201196e385a5d35742218beb883fa.pmin.veripb.out,/wrk-kappa/users/chrisjab/gbd-experiments/mo-proofs-reruns/results/33f201196e385a5d35742218beb883fa.pmin.veripb.var,/wrk-kappa/users/chrisjab/gbd-experiments/mo-proofs-reruns/results/33f201196e385a5d35742218beb883fa.pmin.veripb.wat
3435234134749262bd452fff55ca0570,0,solved,221.762,1269352,kale-816.local.cs.helsinki.fi,75,/wrk-kappa/users/chrisjab/gbd-experiments/mo-proofs-reruns/results/3435234134749262bd452fff55ca0570.pmin.veripb.out,/wrk-kappa/users/chrisjab/gbd-experiments/mo-proofs-reruns/results/3435234134749262bd452fff55ca0570.pmin.veripb.var,/wrk-kappa/users/chrisjab/gbd-experiments/mo-proofs-reruns/results/3435234134749262bd452fff55ca0570.pmin.veripb.wat
360b3e905a9a46c00aeb9c3bec002777,0,solved,7826.58,689980,kale-809.local.cs.helsinki.fi,79,/wrk-kappa/users/chrisjab/gbd-experiments/mo-proofs-reruns/results/360b3e905a9a46c00aeb9c3bec002777.pmin.veripb.out,/wrk-kappa/users/chrisjab/gbd-experiments/mo-proofs-reruns/results/360b3e905a9a46c00aeb9c3bec002777.pmin.veripb.var,/wrk-kappa/users/chrisjab/gbd-experiments/mo-proofs-reruns/results/360b3e905a9a46c00aeb9c3bec002777.pmin.veripb.wat
3773725af3add28ceac9a27e0d24b2c9,0,solved,11098.1,9193432,kale-813.local.cs.helsinki.fi,81,/wrk-kappa/users/chrisjab/gbd-experiments/mo-proofs-reruns/results/3773725af3add28ceac9a27e0d24b2c9.pmin.veripb.out,/wrk-kappa/users/chrisjab/gbd-experiments/mo-proofs-reruns/results/3773725af3add28ceac9a27e0d24b2c9.pmin.veripb.var,/wrk-kappa/users/chrisjab/gbd-experiments/mo-proofs-reruns/results/3773725af3add28ceac9a27e0d24b2c9.pmin.veripb.wat
3a24598408dda4cef696c5358399e8a4,0,solved,484.998,569048,kale-816.local.cs.helsinki.fi,84,/wrk-kappa/users/chrisjab/gbd-experiments/mo-proofs-reruns/results/3a24598408dda4cef696c5358399e8a4.pmin.veripb.out,/wrk-kappa/users/chrisjab/gbd-experiments/mo-proofs-reruns/results/3a24598408dda4cef696c5358399e8a4.pmin.veripb.var,/wrk-kappa/users/chrisjab/gbd-experiments/mo-proofs-reruns/results/3a24598408dda4cef696c5358399e8a4.pmin.veripb.wat
3b8c60f9e93ac10c91f1dca93b88287e,0,solved,8044.23,6518760,kale-803.local.cs.helsinki.fi,89,/wrk-kappa/users/chrisjab/gbd-experiments/mo-proofs-reruns/results/3b8c60f9e93ac10c91f1dca93b88287e.pmin.veripb.out,/wrk-kappa/users/chrisjab/gbd-experiments/mo-proofs-reruns/results/3b8c60f9e93ac10c91f1dca93b88287e.pmin.veripb.var,/wrk-kappa/users/chrisjab/gbd-experiments/mo-proofs-reruns/results/3b8c60f9e93ac10c91f1dca93b88287e.pmin.veripb.wat
401891b1d8264e88f74cf81d62ea14ce,signal 15 (SIGTERM),memout,28502.9,33590372,kale-813.local.cs.helsinki.fi,94,/wrk-kappa/users/chrisjab/gbd-experiments/mo-proofs-reruns/results/401891b1d8264e88f74cf81d62ea14ce.pmin.veripb.out,/wrk-kappa/users/chrisjab/gbd-experiments/mo-proofs-reruns/results/401891b1d8264e88f74cf81d62ea14ce.pmin.veripb.var,/wrk-kappa/users/chrisjab/gbd-experiments/mo-proofs-reruns/results/401891b1d8264e88f74cf81d62ea14ce.pmin.veripb.wat
444c8c91f93e65644c5734ffb8cc4e92,signal 15 (SIGTERM),timeout,36000.1,10592356,kale-803.local.cs.helsinki.fi,96,/wrk-kappa/users/chrisjab/gbd-experiments/mo-proofs-reruns/results/444c8c91f93e65644c5734ffb8cc4e92.pmin.veripb.out,/wrk-kappa/users/chrisjab/gbd-experiments/mo-proofs-reruns/results/444c8c91f93e65644c5734ffb8cc4e92.pmin.veripb.var,/wrk-kappa/users/chrisjab/gbd-experiments/mo-proofs-reruns/results/444c8c91f93e65644c5734ffb8cc4e92.pmin.veripb.wat
4676f13c9e1e1b325c39ea5aa85471fa,0,solved,1703.09,2508312,kale-816.local.cs.helsinki.fi,97,/wrk-kappa/users/chrisjab/gbd-experiments/mo-proofs-reruns/results/4676f13c9e1e1b325c39ea5aa85471fa.pmin.veripb.out,/wrk-kappa/users/chrisjab/gbd-experiments/mo-proofs-reruns/results/4676f13c9e1e1b325c39ea5aa85471fa.pmin.veripb.var,/wrk-kappa/users/chrisjab/gbd-experiments/mo-proofs-reruns/results/4676f13c9e1e1b325c39ea5aa85471fa.pmin.veripb.wat
4c1fc2d9124a08f97e58b58aeeb7e445,0,solved,21225.9,8185344,kale-814.local.cs.helsinki.fi,100,/wrk-kappa/users/chrisjab/gbd-experiments/mo-proofs-reruns/results/4c1fc2d9124a08f97e58b58aeeb7e445.pmin.veripb.out,/wrk-kappa/users/chrisjab/gbd-experiments/mo-proofs-reruns/results/4c1fc2d9124a08f97e58b58aeeb7e445.pmin.veripb.var,/wrk-kappa/users/chrisjab/gbd-experiments/mo-proofs-reruns/results/4c1fc2d9124a08f97e58b58aeeb7e445.pmin.veripb.wat
4f6237dc32086b905e38df19c02b2497,0,solved,362.355,1448108,kale-809.local.cs.helsinki.fi,103,/wrk-kappa/users/chrisjab/gbd-experiments/mo-proofs-reruns/results/4f6237dc32086b905e38df19c02b2497.pmin.veripb.out,/wrk-kappa/users/chrisjab/gbd-experiments/mo-proofs-reruns/results/4f6237dc32086b905e38df19c02b2497.pmin.veripb.var,/wrk-kappa/users/chrisjab/gbd-experiments/mo-proofs-reruns/results/4f6237dc32086b905e38df19c02b2497.pmin.veripb.wat
554a2c6a5f81f5b3501b7c385ca2eb43,0,solved,7371.42,5116660,kale-806.local.cs.helsinki.fi,109,/wrk-kappa/users/chrisjab/gbd-experiments/mo-proofs-reruns/results/554a2c6a5f81f5b3501b7c385ca2eb43.pmin.veripb.out,/wrk-kappa/users/chrisjab/gbd-experiments/mo-proofs-reruns/results/554a2c6a5f81f5b3501b7c385ca2eb43.pmin.veripb.var,/wrk-kappa/users/chrisjab/gbd-experiments/mo-proofs-reruns/results/554a2c6a5f81f5b3501b7c385ca2eb43.pmin.veripb.wat
561c2ec775532b9a5786aff5b9def233,0,solved,10911,8881988,kale-808.local.cs.helsinki.fi,112,/wrk-kappa/users/chrisjab/gbd-experiments/mo-proofs-reruns/results/561c2ec775532b9a5786aff5b9def233.pmin.veripb.out,/wrk-kappa/users/chrisjab/gbd-experiments/mo-proofs-reruns/results/561c2ec775532b9a5786aff5b9def233.pmin.veripb.var,/wrk-kappa/users/chrisjab/gbd-experiments/mo-proofs-reruns/results/561c2ec775532b9a5786aff5b9def233.pmin.veripb.wat
56420940142bb6f7f7569aea6114f96c,0,solved,5.89255,72544,kale-816.local.cs.helsinki.fi,113,/wrk-kappa/users/chrisjab/gbd-experiments/mo-proofs-reruns/results/56420940142bb6f7f7569aea6114f96c.pmin.veripb.out,/wrk-kappa/users/chrisjab/gbd-experiments/mo-proofs-reruns/results/56420940142bb6f7f7569aea6114f96c.pmin.veripb.var,/wrk-kappa/users/chrisjab/gbd-experiments/mo-proofs-reruns/results/56420940142bb6f7f7569aea6114f96c.pmin.veripb.wat
56a79fa943d1f1e40c2fbb9722dbc407,0,solved,6910.93,5846832,kale-816.local.cs.helsinki.fi,114,/wrk-kappa/users/chrisjab/gbd-experiments/mo-proofs-reruns/results/56a79fa943d1f1e40c2fbb9722dbc407.pmin.veripb.out,/wrk-kappa/users/chrisjab/gbd-experiments/mo-proofs-reruns/results/56a79fa943d1f1e40c2fbb9722dbc407.pmin.veripb.var,/wrk-kappa/users/chrisjab/gbd-experiments/mo-proofs-reruns/results/56a79fa943d1f1e40c2fbb9722dbc407.pmin.veripb.wat
5783721b7bf356508063dba6bd084fd2,signal 15 (SIGTERM),timeout,36000.1,7785748,kale-814.local.cs.helsinki.fi,115,/wrk-kappa/users/chrisjab/gbd-experiments/mo-proofs-reruns/results/5783721b7bf356508063dba6bd084fd2.pmin.veripb.out,/wrk-kappa/users/chrisjab/gbd-experiments/mo-proofs-reruns/results/5783721b7bf356508063dba6bd084fd2.pmin.veripb.var,/wrk-kappa/users/chrisjab/gbd-experiments/mo-proofs-reruns/results/5783721b7bf356508063dba6bd084fd2.pmin.veripb.wat
579a16a81adc704de38e7a8e5f265d24,0,solved,1570.79,3952920,kale-817.local.cs.helsinki.fi,116,/wrk-kappa/users/chrisjab/gbd-experiments/mo-proofs-reruns/results/579a16a81adc704de38e7a8e5f265d24.pmin.veripb.out,/wrk-kappa/users/chrisjab/gbd-experiments/mo-proofs-reruns/results/579a16a81adc704de38e7a8e5f265d24.pmin.veripb.var,/wrk-kappa/users/chrisjab/gbd-experiments/mo-proofs-reruns/results/579a16a81adc704de38e7a8e5f265d24.pmin.veripb.wat
5a1eb585ce69f117a69ed97d19588f26,0,solved,3049.48,7582940,kale-809.local.cs.helsinki.fi,121,/wrk-kappa/users/chrisjab/gbd-experiments/mo-proofs-reruns/results/5a1eb585ce69f117a69ed97d19588f26.pmin.veripb.out,/wrk-kappa/users/chrisjab/gbd-experiments/mo-proofs-reruns/results/5a1eb585ce69f117a69ed97d19588f26.pmin.veripb.var,/wrk-kappa/users/chrisjab/gbd-experiments/mo-proofs-reruns/results/5a1eb585ce69f117a69ed97d19588f26.pmin.veripb.wat
5a3ebc2bda417dcebbb6a451de918f92,0,solved,10758.1,6938876,kale-809.local.cs.helsinki.fi,122,/wrk-kappa/users/chrisjab/gbd-experiments/mo-proofs-reruns/results/5a3ebc2bda417dcebbb6a451de918f92.pmin.veripb.out,/wrk-kappa/users/chrisjab/gbd-experiments/mo-proofs-reruns/results/5a3ebc2bda417dcebbb6a451de918f92.pmin.veripb.var,/wrk-kappa/users/chrisjab/gbd-experiments/mo-proofs-reruns/results/5a3ebc2bda417dcebbb6a451de918f92.pmin.veripb.wat
5fa5db8d9075b956004be16c33a0937c,0,solved,13310.4,7303080,kale-811.local.cs.helsinki.fi,130,/wrk-kappa/users/chrisjab/gbd-experiments/mo-proofs-reruns/results/5fa5db8d9075b956004be16c33a0937c.pmin.veripb.out,/wrk-kappa/users/chrisjab/gbd-experiments/mo-proofs-reruns/results/5fa5db8d9075b956004be16c33a0937c.pmin.veripb.var,/wrk-kappa/users/chrisjab/gbd-experiments/mo-proofs-reruns/results/5fa5db8d9075b956004be16c33a0937c.pmin.veripb.wat
60378dfd8ac4fd5714efd71be41b57ac,signal 15 (SIGTERM),timeout,36000.1,10982000,kale-811.local.cs.helsinki.fi,131,/wrk-kappa/users/chrisjab/gbd-experiments/mo-proofs-reruns/results/60378dfd8ac4fd5714efd71be41b57ac.pmin.veripb.out,/wrk-kappa/users/chrisjab/gbd-experiments/mo-proofs-reruns/results/60378dfd8ac4fd5714efd71be41b57ac.pmin.veripb.var,/wrk-kappa/users/chrisjab/gbd-experiments/mo-proofs-reruns/results/60378dfd8ac4fd5714efd71be41b57ac.pmin.veripb.wat
61755b78779543d662b98e52fb365aad,0,solved,426.625,1902112,kale-808.local.cs.helsinki.fi,134,/wrk-kappa/users/chrisjab/gbd-experiments/mo-proofs-reruns/results/61755b78779543d662b98e52fb365aad.pmin.veripb.out,/wrk-kappa/users/chrisjab/gbd-experiments/mo-proofs-reruns/results/61755b78779543d662b98e52fb365aad.pmin.veripb.var,/wrk-kappa/users/chrisjab/gbd-experiments/mo-proofs-reruns/results/61755b78779543d662b98e52fb365aad.pmin.veripb.wat
651a2c3f5586e3bd58287bd516c68762,0,solved,5427.79,8156380,kale-812.local.cs.helsinki.fi,138,/wrk-kappa/users/chrisjab/gbd-experiments/mo-proofs-reruns/results/651a2c3f5586e3bd58287bd516c68762.pmin.veripb.out,/wrk-kappa/users/chrisjab/gbd-experiments/mo-proofs-reruns/results/651a2c3f5586e3bd58287bd516c68762.pmin.veripb.var,/wrk-kappa/users/chrisjab/gbd-experiments/mo-proofs-reruns/results/651a2c3f5586e3bd58287bd516c68762.pmin.veripb.wat
65ee49aca2f915006d1ee312da07bb4e,0,solved,0.186627,50848,kale-802.local.cs.helsinki.fi,139,/wrk-kappa/users/chrisjab/gbd-experiments/mo-proofs-reruns/results/65ee49aca2f915006d1ee312da07bb4e.pmin.veripb.out,/wrk-kappa/users/chrisjab/gbd-experiments/mo-proofs-reruns/results/65ee49aca2f915006d1ee312da07bb4e.pmin.veripb.var,/wrk-kappa/users/chrisjab/gbd-experiments/mo-proofs-reruns/results/65ee49aca2f915006d1ee312da07bb4e.pmin.veripb.wat
66df4b4dfbcebeedae549fdb11380b9e,0,solved,55.6242,196424,kale-802.local.cs.helsinki.fi,140,/wrk-kappa/users/chrisjab/gbd-experiments/mo-proofs-reruns/results/66df4b4dfbcebeedae549fdb11380b9e.pmin.veripb.out,/wrk-kappa/users/chrisjab/gbd-experiments/mo-proofs-reruns/results/66df4b4dfbcebeedae549fdb11380b9e.pmin.veripb.var,/wrk-kappa/users/chrisjab/gbd-experiments/mo-proofs-reruns/results/66df4b4dfbcebeedae549fdb11380b9e.pmin.veripb.wat
6c2a8fb12275bf828408cc28d6ccf78d,0,solved,10266.6,5072148,kale-809.local.cs.helsinki.fi,144,/wrk-kappa/users/chrisjab/gbd-experiments/mo-proofs-reruns/results/6c2a8fb12275bf828408cc28d6ccf78d.pmin.veripb.out,/wrk-kappa/users/chrisjab/gbd-experiments/mo-proofs-reruns/results/6c2a8fb12275bf828408cc28d6ccf78d.pmin.veripb.var,/wrk-kappa/users/chrisjab/gbd-experiments/mo-proofs-reruns/results/6c2a8fb12275bf828408cc28d6ccf78d.pmin.veripb.wat
6cd6fadd2059109232e5261dcadbc5b4,0,solved,662.174,2963928,kale-802.local.cs.helsinki.fi,146,/wrk-kappa/users/chrisjab/gbd-experiments/mo-proofs-reruns/results/6cd6fadd2059109232e5261dcadbc5b4.pmin.veripb.out,/wrk-kappa/users/chrisjab/gbd-experiments/mo-proofs-reruns/results/6cd6fadd2059109232e5261dcadbc5b4.pmin.veripb.var,/wrk-kappa/users/chrisjab/gbd-experiments/mo-proofs-reruns/results/6cd6fadd2059109232e5261dcadbc5b4.pmin.veripb.wat
6e306917c770ef1e82acf83e832bd7b6,0,solved,246.587,1266832,kale-804.local.cs.helsinki.fi,150,/wrk-kappa/users/chrisjab/gbd-experiments/mo-proofs-reruns/results/6e306917c770ef1e82acf83e832bd7b6.pmin.veripb.out,/wrk-kappa/users/chrisjab/gbd-experiments/mo-proofs-reruns/results/6e306917c770ef1e82acf83e832bd7b6.pmin.veripb.var,/wrk-kappa/users/chrisjab/gbd-experiments/mo-proofs-reruns/results/6e306917c770ef1e82acf83e832bd7b6.pmin.veripb.wat
6efb59ae041b32f1458749085dfc366b,0,solved,0.35565,51688,kale-804.local.cs.helsinki.fi,151,/wrk-kappa/users/chrisjab/gbd-experiments/mo-proofs-reruns/results/6efb59ae041b32f1458749085dfc366b.pmin.veripb.out,/wrk-kappa/users/chrisjab/gbd-experiments/mo-proofs-reruns/results/6efb59ae041b32f1458749085dfc366b.pmin.veripb.var,/wrk-kappa/users/chrisjab/gbd-experiments/mo-proofs-reruns/results/6efb59ae041b32f1458749085dfc366b.pmin.veripb.wat
6f14e8ad27368dfc7662760ab43c28c2,0,solved,1372.04,926508,kale-804.local.cs.helsinki.fi,152,/wrk-kappa/users/chrisjab/gbd-experiments/mo-proofs-reruns/results/6f14e8ad27368dfc7662760ab43c28c2.pmin.veripb.out,/wrk-kappa/users/chrisjab/gbd-experiments/mo-proofs-reruns/results/6f14e8ad27368dfc7662760ab43c28c2.pmin.veripb.var,/wrk-kappa/users/chrisjab/gbd-experiments/mo-proofs-reruns/results/6f14e8ad27368dfc7662760ab43c28c2.pmin.veripb.wat
6f467a10785cb8c5180815495dc103e3,0,solved,2651.85,837516,kale-811.local.cs.helsinki.fi,153,/wrk-kappa/users/chrisjab/gbd-experiments/mo-proofs-reruns/results/6f467a10785cb8c5180815495dc103e3.pmin.veripb.out,/wrk-kappa/users/chrisjab/gbd-experiments/mo-proofs-reruns/results/6f467a10785cb8c5180815495dc103e3.pmin.veripb.var,/wrk-kappa/users/chrisjab/gbd-experiments/mo-proofs-reruns/results/6f467a10785cb8c5180815495dc103e3.pmin.veripb.wat
71177f687696f60a600f240dabe82054,0,solved,28231,11283916,kale-802.local.cs.helsinki.fi,156,/wrk-kappa/users/chrisjab/gbd-experiments/mo-proofs-reruns/results/71177f687696f60a600f240dabe82054.pmin.veripb.out,/wrk-kappa/users/chrisjab/gbd-experiments/mo-proofs-reruns/results/71177f687696f60a600f240dabe82054.pmin.veripb.var,/wrk-kappa/users/chrisjab/gbd-experiments/mo-proofs-reruns/results/71177f687696f60a600f240dabe82054.pmin.veripb.wat
729c73e23ac770a4196b5c4f7b226fbc,0,solved,8527.87,6387104,kale-806.local.cs.helsinki.fi,159,/wrk-kappa/users/chrisjab/gbd-experiments/mo-proofs-reruns/results/729c73e23ac770a4196b5c4f7b226fbc.pmin.veripb.out,/wrk-kappa/users/chrisjab/gbd-experiments/mo-proofs-reruns/results/729c73e23ac770a4196b5c4f7b226fbc.pmin.veripb.var,/wrk-kappa/users/chrisjab/gbd-experiments/mo-proofs-reruns/results/729c73e23ac770a4196b5c4f7b226fbc.pmin.veripb.wat
793454eded174e060d4dbe0559ae2591,0,solved,1413.44,3455368,kale-812.local.cs.helsinki.fi,167,/wrk-kappa/users/chrisjab/gbd-experiments/mo-proofs-reruns/results/793454eded174e060d4dbe0559ae2591.pmin.veripb.out,/wrk-kappa/users/chrisjab/gbd-experiments/mo-proofs-reruns/results/793454eded174e060d4dbe0559ae2591.pmin.veripb.var,/wrk-kappa/users/chrisjab/gbd-experiments/mo-proofs-reruns/results/793454eded174e060d4dbe0559ae2591.pmin.veripb.wat
7c61a017aecacf2b51a2725200e39971,0,solved,6951.16,11820980,kale-810.local.cs.helsinki.fi,170,/wrk-kappa/users/chrisjab/gbd-experiments/mo-proofs-reruns/results/7c61a017aecacf2b51a2725200e39971.pmin.veripb.out,/wrk-kappa/users/chrisjab/gbd-experiments/mo-proofs-reruns/results/7c61a017aecacf2b51a2725200e39971.pmin.veripb.var,/wrk-kappa/users/chrisjab/gbd-experiments/mo-proofs-reruns/results/7c61a017aecacf2b51a2725200e39971.pmin.veripb.wat
7c7cca64b0a56b4a0eb2896597d73b4a,0,solved,2069.7,6159624,kale-811.local.cs.helsinki.fi,171,/wrk-kappa/users/chrisjab/gbd-experiments/mo-proofs-reruns/results/7c7cca64b0a56b4a0eb2896597d73b4a.pmin.veripb.out,/wrk-kappa/users/chrisjab/gbd-experiments/mo-proofs-reruns/results/7c7cca64b0a56b4a0eb2896597d73b4a.pmin.veripb.var,/wrk-kappa/users/chrisjab/gbd-experiments/mo-proofs-reruns/results/7c7cca64b0a56b4a0eb2896597d73b4a.pmin.veripb.wat
827f6828784e779af21f189c6ecf386a,0,solved,1881.46,1113832,kale-808.local.cs.helsinki.fi,176,/wrk-kappa/users/chrisjab/gbd-experiments/mo-proofs-reruns/results/827f6828784e779af21f189c6ecf386a.pmin.veripb.out,/wrk-kappa/users/chrisjab/gbd-experiments/mo-proofs-reruns/results/827f6828784e779af21f189c6ecf386a.pmin.veripb.var,/wrk-kappa/users/chrisjab/gbd-experiments/mo-proofs-reruns/results/827f6828784e779af21f189c6ecf386a.pmin.veripb.wat
82d2ab8d8cebfb9009249b8ff01c8924,0,solved,5191.71,4953868,kale-804.local.cs.helsinki.fi,178,/wrk-kappa/users/chrisjab/gbd-experiments/mo-proofs-reruns/results/82d2ab8d8cebfb9009249b8ff01c8924.pmin.veripb.out,/wrk-kappa/users/chrisjab/gbd-experiments/mo-proofs-reruns/results/82d2ab8d8cebfb9009249b8ff01c8924.pmin.veripb.var,/wrk-kappa/users/chrisjab/gbd-experiments/mo-proofs-reruns/results/82d2ab8d8cebfb9009249b8ff01c8924.pmin.veripb.wat
8602633a2a4724dba5ddce6a9f1cf92a,0,solved,34668.4,10226100,kale-817.local.cs.helsinki.fi,180,/wrk-kappa/users/chrisjab/gbd-experiments/mo-proofs-reruns/results/8602633a2a4724dba5ddce6a9f1cf92a.pmin.veripb.out,/wrk-kappa/users/chrisjab/gbd-experiments/mo-proofs-reruns/results/8602633a2a4724dba5ddce6a9f1cf92a.pmin.veripb.var,/wrk-kappa/users/chrisjab/gbd-experiments/mo-proofs-reruns/results/8602633a2a4724dba5ddce6a9f1cf92a.pmin.veripb.wat
8982ba0afec6f77980e52954469a58a1,0,solved,28288.7,13840776,kale-805.local.cs.helsinki.fi,184,/wrk-kappa/users/chrisjab/gbd-experiments/mo-proofs-reruns/results/8982ba0afec6f77980e52954469a58a1.pmin.veripb.out,/wrk-kappa/users/chrisjab/gbd-experiments/mo-proofs-reruns/results/8982ba0afec6f77980e52954469a58a1.pmin.veripb.var,/wrk-kappa/users/chrisjab/gbd-experiments/mo-proofs-reruns/results/8982ba0afec6f77980e52954469a58a1.pmin.veripb.wat
89c785eb754c475bb94da5183ef7f573,0,solved,1.38826,54504,kale-813.local.cs.helsinki.fi,185,/wrk-kappa/users/chrisjab/gbd-experiments/mo-proofs-reruns/results/89c785eb754c475bb94da5183ef7f573.pmin.veripb.out,/wrk-kappa/users/chrisjab/gbd-experiments/mo-proofs-reruns/results/89c785eb754c475bb94da5183ef7f573.pmin.veripb.var,/wrk-kappa/users/chrisjab/gbd-experiments/mo-proofs-reruns/results/89c785eb754c475bb94da5183ef7f573.pmin.veripb.wat
8b4d9404821c66ed9740c451bbcb5718,0,solved,2625.99,3554356,kale-813.local.cs.helsinki.fi,190,/wrk-kappa/users/chrisjab/gbd-experiments/mo-proofs-reruns/results/8b4d9404821c66ed9740c451bbcb5718.pmin.veripb.out,/wrk-kappa/users/chrisjab/gbd-experiments/mo-proofs-reruns/results/8b4d9404821c66ed9740c451bbcb5718.pmin.veripb.var,/wrk-kappa/users/chrisjab/gbd-experiments/mo-proofs-reruns/results/8b4d9404821c66ed9740c451bbcb5718.pmin.veripb.wat
8e0f79a672addebe28c266db09cdf75a,0,solved,7584.18,5548376,kale-812.local.cs.helsinki.fi,192,/wrk-kappa/users/chrisjab/gbd-experiments/mo-proofs-reruns/results/8e0f79a672addebe28c266db09cdf75a.pmin.veripb.out,/wrk-kappa/users/chrisjab/gbd-experiments/mo-proofs-reruns/results/8e0f79a672addebe28c266db09cdf75a.pmin.veripb.var,/wrk-kappa/users/chrisjab/gbd-experiments/mo-proofs-reruns/results/8e0f79a672addebe28c266db09cdf75a.pmin.veripb.wat
8f0e2886b7abf537a04fa1999caad5d0,0,solved,552.496,1976028,kale-805.local.cs.helsinki.fi,194,/wrk-kappa/users/chrisjab/gbd-experiments/mo-proofs-reruns/results/8f0e2886b7abf537a04fa1999caad5d0.pmin.veripb.out,/wrk-kappa/users/chrisjab/gbd-experiments/mo-proofs-reruns/results/8f0e2886b7abf537a04fa1999caad5d0.pmin.veripb.var,/wrk-kappa/users/chrisjab/gbd-experiments/mo-proofs-reruns/results/8f0e2886b7abf537a04fa1999caad5d0.pmin.veripb.wat
8f52f6c59ad97b855445cb00b75166db,0,solved,0.146164,49884,kale-803.local.cs.helsinki.fi,195,/wrk-kappa/users/chrisjab/gbd-experiments/mo-proofs-reruns/results/8f52f6c59ad97b855445cb00b75166db.pmin.veripb.out,/wrk-kappa/users/chrisjab/gbd-experiments/mo-proofs-reruns/results/8f52f6c59ad97b855445cb00b75166db.pmin.veripb.var,/wrk-kappa/users/chrisjab/gbd-experiments/mo-proofs-reruns/results/8f52f6c59ad97b855445cb00b75166db.pmin.veripb.wat
8f600311e42396f138c28288a38e0116,0,solved,988.466,2811692,kale-810.local.cs.helsinki.fi,196,/wrk-kappa/users/chrisjab/gbd-experiments/mo-proofs-reruns/results/8f600311e42396f138c28288a38e0116.pmin.veripb.out,/wrk-kappa/users/chrisjab/gbd-experiments/mo-proofs-reruns/results/8f600311e42396f138c28288a38e0116.pmin.veripb.var,/wrk-kappa/users/chrisjab/gbd-experiments/mo-proofs-reruns/results/8f600311e42396f138c28288a38e0116.pmin.veripb.wat
8f9892dedefe1b8aabc92f1bb82aded1,core dump signal 6 (SIGABRT),memout,29423.3,33605316,kale-803.local.cs.helsinki.fi,197,/wrk-kappa/users/chrisjab/gbd-experiments/mo-proofs-reruns/results/8f9892dedefe1b8aabc92f1bb82aded1.pmin.veripb.out,/wrk-kappa/users/chrisjab/gbd-experiments/mo-proofs-reruns/results/8f9892dedefe1b8aabc92f1bb82aded1.pmin.veripb.var,/wrk-kappa/users/chrisjab/gbd-experiments/mo-proofs-reruns/results/8f9892dedefe1b8aabc92f1bb82aded1.pmin.veripb.wat
903537c473b78d62b09897409ae46254,0,solved,3.4601,55852,kale-802.local.cs.helsinki.fi,200,/wrk-kappa/users/chrisjab/gbd-experiments/mo-proofs-reruns/results/903537c473b78d62b09897409ae46254.pmin.veripb.out,/wrk-kappa/users/chrisjab/gbd-experiments/mo-proofs-reruns/results/903537c473b78d62b09897409ae46254.pmin.veripb.var,/wrk-kappa/users/chrisjab/gbd-experiments/mo-proofs-reruns/results/903537c473b78d62b09897409ae46254.pmin.veripb.wat
90a40092dcce02c580e0ca61bef28ff9,0,solved,586.308,2407688,kale-810.local.cs.helsinki.fi,201,/wrk-kappa/users/chrisjab/gbd-experiments/mo-proofs-reruns/results/90a40092dcce02c580e0ca61bef28ff9.pmin.veripb.out,/wrk-kappa/users/chrisjab/gbd-experiments/mo-proofs-reruns/results/90a40092dcce02c580e0ca61bef28ff9.pmin.veripb.var,/wrk-kappa/users/chrisjab/gbd-experiments/mo-proofs-reruns/results/90a40092dcce02c580e0ca61bef28ff9.pmin.veripb.wat
931261295bfa65758bc6441bf0246ab2,0,solved,7.96435,76824,kale-816.local.cs.helsinki.fi,205,/wrk-kappa/users/chrisjab/gbd-experiments/mo-proofs-reruns/results/931261295bfa65758bc6441bf0246ab2.pmin.veripb.out,/wrk-kappa/users/chrisjab/gbd-experiments/mo-proofs-reruns/results/931261295bfa65758bc6441bf0246ab2.pmin.veripb.var,/wrk-kappa/users/chrisjab/gbd-experiments/mo-proofs-reruns/results/931261295bfa65758bc6441bf0246ab2.pmin.veripb.wat
934381b3c56b9cfc3c8f67f95ba06831,0,solved,7126.36,4653636,kale-817.local.cs.helsinki.fi,206,/wrk-kappa/users/chrisjab/gbd-experiments/mo-proofs-reruns/results/934381b3c56b9cfc3c8f67f95ba06831.pmin.veripb.out,/wrk-kappa/users/chrisjab/gbd-experiments/mo-proofs-reruns/results/934381b3c56b9cfc3c8f67f95ba06831.pmin.veripb.var,/wrk-kappa/users/chrisjab/gbd-experiments/mo-proofs-reruns/results/934381b3c56b9cfc3c8f67f95ba06831.pmin.veripb.wat
96366878e0a30f295d7c308c2094db3f,0,solved,3.59113,68304,kale-802.local.cs.helsinki.fi,209,/wrk-kappa/users/chrisjab/gbd-experiments/mo-proofs-reruns/results/96366878e0a30f295d7c308c2094db3f.pmin.veripb.out,/wrk-kappa/users/chrisjab/gbd-experiments/mo-proofs-reruns/results/96366878e0a30f295d7c308c2094db3f.pmin.veripb.var,/wrk-kappa/users/chrisjab/gbd-experiments/mo-proofs-reruns/results/96366878e0a30f295d7c308c2094db3f.pmin.veripb.wat
978070b7d5c4d72387420381ca7d5c05,0,solved,13.2323,103016,kale-802.local.cs.helsinki.fi,210,/wrk-kappa/users/chrisjab/gbd-experiments/mo-proofs-reruns/results/978070b7d5c4d72387420381ca7d5c05.pmin.veripb.out,/wrk-kappa/users/chrisjab/gbd-experiments/mo-proofs-reruns/results/978070b7d5c4d72387420381ca7d5c05.pmin.veripb.var,/wrk-kappa/users/chrisjab/gbd-experiments/mo-proofs-reruns/results/978070b7d5c4d72387420381ca7d5c05.pmin.veripb.wat
97c32aeae9382ac4b232761f5ab5c94f,0,solved,1457.9,1024476,kale-816.local.cs.helsinki.fi,211,/wrk-kappa/users/chrisjab/gbd-experiments/mo-proofs-reruns/results/97c32aeae9382ac4b232761f5ab5c94f.pmin.veripb.out,/wrk-kappa/users/chrisjab/gbd-experiments/mo-proofs-reruns/results/97c32aeae9382ac4b232761f5ab5c94f.pmin.veripb.var,/wrk-kappa/users/chrisjab/gbd-experiments/mo-proofs-reruns/results/97c32aeae9382ac4b232761f5ab5c94f.pmin.veripb.wat
9a0771156f5c0b837b1d50fa633a238f,0,solved,506.023,476352,kale-816.local.cs.helsinki.fi,215,/wrk-kappa/users/chrisjab/gbd-experiments/mo-proofs-reruns/results/9a0771156f5c0b837b1d50fa633a238f.pmin.veripb.out,/wrk-kappa/users/chrisjab/gbd-experiments/mo-proofs-reruns/results/9a0771156f5c0b837b1d50fa633a238f.pmin.veripb.var,/wrk-kappa/users/chrisjab/gbd-experiments/mo-proofs-reruns/results/9a0771156f5c0b837b1d50fa633a238f.pmin.veripb.wat
9a8d3c5dc7be7ff0f8584ee35beba509,0,solved,3836.22,6909540,kale-802.local.cs.helsinki.fi,217,/wrk-kappa/users/chrisjab/gbd-experiments/mo-proofs-reruns/results/9a8d3c5dc7be7ff0f8584ee35beba509.pmin.veripb.out,/wrk-kappa/users/chrisjab/gbd-experiments/mo-proofs-reruns/results/9a8d3c5dc7be7ff0f8584ee35beba509.pmin.veripb.var,/wrk-kappa/users/chrisjab/gbd-experiments/mo-proofs-reruns/results/9a8d3c5dc7be7ff0f8584ee35beba509.pmin.veripb.wat
9c347b6aee0bf0e5f2aa2f22f082f7c2,0,solved,7695.15,5765756,kale-810.local.cs.helsinki.fi,219,/wrk-kappa/users/chrisjab/gbd-experiments/mo-proofs-reruns/results/9c347b6aee0bf0e5f2aa2f22f082f7c2.pmin.veripb.out,/wrk-kappa/users/chrisjab/gbd-experiments/mo-proofs-reruns/results/9c347b6aee0bf0e5f2aa2f22f082f7c2.pmin.veripb.var,/wrk-kappa/users/chrisjab/gbd-experiments/mo-proofs-reruns/results/9c347b6aee0bf0e5f2aa2f22f082f7c2.pmin.veripb.wat
a388e15995c7241eca6e03fadbfe4ae9,0,solved,463.017,468508,kale-814.local.cs.helsinki.fi,228,/wrk-kappa/users/chrisjab/gbd-experiments/mo-proofs-reruns/results/a388e15995c7241eca6e03fadbfe4ae9.pmin.veripb.out,/wrk-kappa/users/chrisjab/gbd-experiments/mo-proofs-reruns/results/a388e15995c7241eca6e03fadbfe4ae9.pmin.veripb.var,/wrk-kappa/users/chrisjab/gbd-experiments/mo-proofs-reruns/results/a388e15995c7241eca6e03fadbfe4ae9.pmin.veripb.wat
a5c5b52922e183420c566d7e893883f9,0,solved,19177.1,9817936,kale-805.local.cs.helsinki.fi,230,/wrk-kappa/users/chrisjab/gbd-experiments/mo-proofs-reruns/results/a5c5b52922e183420c566d7e893883f9.pmin.veripb.out,/wrk-kappa/users/chrisjab/gbd-experiments/mo-proofs-reruns/results/a5c5b52922e183420c566d7e893883f9.pmin.veripb.var,/wrk-kappa/users/chrisjab/gbd-experiments/mo-proofs-reruns/results/a5c5b52922e183420c566d7e893883f9.pmin.veripb.wat
a83c6a93bea27d60d464843c14edc9cf,0,solved,571.34,2222852,kale-802.local.cs.helsinki.fi,232,/wrk-kappa/users/chrisjab/gbd-experiments/mo-proofs-reruns/results/a83c6a93bea27d60d464843c14edc9cf.pmin.veripb.out,/wrk-kappa/users/chrisjab/gbd-experiments/mo-proofs-reruns/results/a83c6a93bea27d60d464843c14edc9cf.pmin.veripb.var,/wrk-kappa/users/chrisjab/gbd-experiments/mo-proofs-reruns/results/a83c6a93bea27d60d464843c14edc9cf.pmin.veripb.wat
af82b6715d5fa91b93fe8b597f3071b8,signal 15 (SIGTERM),timeout,36000.2,9492752,kale-803.local.cs.helsinki.fi,237,/wrk-kappa/users/chrisjab/gbd-experiments/mo-proofs-reruns/results/af82b6715d5fa91b93fe8b597f3071b8.pmin.veripb.out,/wrk-kappa/users/chrisjab/gbd-experiments/mo-proofs-reruns/results/af82b6715d5fa91b93fe8b597f3071b8.pmin.veripb.var,/wrk-kappa/users/chrisjab/gbd-experiments/mo-proofs-reruns/results/af82b6715d5fa91b93fe8b597f3071b8.pmin.veripb.wat
b0068b30eb7b7e7f8bef7edc21aac35a,signal 15 (SIGTERM),timeout,36000.1,12257932,kale-806.local.cs.helsinki.fi,238,/wrk-kappa/users/chrisjab/gbd-experiments/mo-proofs-reruns/results/b0068b30eb7b7e7f8bef7edc21aac35a.pmin.veripb.out,/wrk-kappa/users/chrisjab/gbd-experiments/mo-proofs-reruns/results/b0068b30eb7b7e7f8bef7edc21aac35a.pmin.veripb.var,/wrk-kappa/users/chrisjab/gbd-experiments/mo-proofs-reruns/results/b0068b30eb7b7e7f8bef7edc21aac35a.pmin.veripb.wat
b2bc3882f0527299dd9160ea9307609d,signal 15 (SIGTERM),timeout,36000.2,15094672,kale-805.local.cs.helsinki.fi,243,/wrk-kappa/users/chrisjab/gbd-experiments/mo-proofs-reruns/results/b2bc3882f0527299dd9160ea9307609d.pmin.veripb.out,/wrk-kappa/users/chrisjab/gbd-experiments/mo-proofs-reruns/results/b2bc3882f0527299dd9160ea9307609d.pmin.veripb.var,/wrk-kappa/users/chrisjab/gbd-experiments/mo-proofs-reruns/results/b2bc3882f0527299dd9160ea9307609d.pmin.veripb.wat
b2bdb714388e52e8534b5ce5068e276e,0,solved,1.7709,59700,kale-808.local.cs.helsinki.fi,244,/wrk-kappa/users/chrisjab/gbd-experiments/mo-proofs-reruns/results/b2bdb714388e52e8534b5ce5068e276e.pmin.veripb.out,/wrk-kappa/users/chrisjab/gbd-experiments/mo-proofs-reruns/results/b2bdb714388e52e8534b5ce5068e276e.pmin.veripb.var,/wrk-kappa/users/chrisjab/gbd-experiments/mo-proofs-reruns/results/b2bdb714388e52e8534b5ce5068e276e.pmin.veripb.wat
b51eb68bff2dbf1b9c107c2df33a391b,signal 15 (SIGTERM),timeout,36000.1,12015220,kale-808.local.cs.helsinki.fi,246,/wrk-kappa/users/chrisjab/gbd-experiments/mo-proofs-reruns/results/b51eb68bff2dbf1b9c107c2df33a391b.pmin.veripb.out,/wrk-kappa/users/chrisjab/gbd-experiments/mo-proofs-reruns/results/b51eb68bff2dbf1b9c107c2df33a391b.pmin.veripb.var,/wrk-kappa/users/chrisjab/gbd-experiments/mo-proofs-reruns/results/b51eb68bff2dbf1b9c107c2df33a391b.pmin.veripb.wat
b5e4bd22b32dbbf803700d5df1e3e656,0,solved,3473.15,6190636,kale-817.local.cs.helsinki.fi,247,/wrk-kappa/users/chrisjab/gbd-experiments/mo-proofs-reruns/results/b5e4bd22b32dbbf803700d5df1e3e656.pmin.veripb.out,/wrk-kappa/users/chrisjab/gbd-experiments/mo-proofs-reruns/results/b5e4bd22b32dbbf803700d5df1e3e656.pmin.veripb.var,/wrk-kappa/users/chrisjab/gbd-experiments/mo-proofs-reruns/results/b5e4bd22b32dbbf803700d5df1e3e656.pmin.veripb.wat
b71c431c61fbc797c67100e02a239f94,0,solved,6257.78,5927072,kale-805.local.cs.helsinki.fi,249,/wrk-kappa/users/chrisjab/gbd-experiments/mo-proofs-reruns/results/b71c431c61fbc797c67100e02a239f94.pmin.veripb.out,/wrk-kappa/users/chrisjab/gbd-experiments/mo-proofs-reruns/results/b71c431c61fbc797c67100e02a239f94.pmin.veripb.var,/wrk-kappa/users/chrisjab/gbd-experiments/mo-proofs-reruns/results/b71c431c61fbc797c67100e02a239f94.pmin.veripb.wat
ba640c8bcc64b7ccec60abe0e69ef2da,0,solved,435.434,2057328,kale-816.local.cs.helsinki.fi,253,/wrk-kappa/users/chrisjab/gbd-experiments/mo-proofs-reruns/results/ba640c8bcc64b7ccec60abe0e69ef2da.pmin.veripb.out,/wrk-kappa/users/chrisjab/gbd-experiments/mo-proofs-reruns/results/ba640c8bcc64b7ccec60abe0e69ef2da.pmin.veripb.var,/wrk-kappa/users/chrisjab/gbd-experiments/mo-proofs-reruns/results/ba640c8bcc64b7ccec60abe0e69ef2da.pmin.veripb.wat
bb13afa699ff48f5272be04258fb452c,0,solved,12.7524,89056,kale-810.local.cs.helsinki.fi,254,/wrk-kappa/users/chrisjab/gbd-experiments/mo-proofs-reruns/results/bb13afa699ff48f5272be04258fb452c.pmin.veripb.out,/wrk-kappa/users/chrisjab/gbd-experiments/mo-proofs-reruns/results/bb13afa699ff48f5272be04258fb452c.pmin.veripb.var,/wrk-kappa/users/chrisjab/gbd-experiments/mo-proofs-reruns/results/bb13afa699ff48f5272be04258fb452c.pmin.veripb.wat
c29c61acb4abeb24461b1ba897101514,0,solved,17335.9,5400208,kale-817.local.cs.helsinki.fi,259,/wrk-kappa/users/chrisjab/gbd-experiments/mo-proofs-reruns/results/c29c61acb4abeb24461b1ba897101514.pmin.veripb.out,/wrk-kappa/users/chrisjab/gbd-experiments/mo-proofs-reruns/results/c29c61acb4abeb24461b1ba897101514.pmin.veripb.var,/wrk-kappa/users/chrisjab/gbd-experiments/mo-proofs-reruns/results/c29c61acb4abeb24461b1ba897101514.pmin.veripb.wat
c400916c81899ae47f7fb4aa702f88e3,0,solved,4067.01,9706092,kale-816.local.cs.helsinki.fi,262,/wrk-kappa/users/chrisjab/gbd-experiments/mo-proofs-reruns/results/c400916c81899ae47f7fb4aa702f88e3.pmin.veripb.out,/wrk-kappa/users/chrisjab/gbd-experiments/mo-proofs-reruns/results/c400916c81899ae47f7fb4aa702f88e3.pmin.veripb.var,/wrk-kappa/users/chrisjab/gbd-experiments/mo-proofs-reruns/results/c400916c81899ae47f7fb4aa702f88e3.pmin.veripb.wat
c64d82d5b2f2e110cbf09ee64357168f,0,solved,15380.7,7967392,kale-814.local.cs.helsinki.fi,264,/wrk-kappa/users/chrisjab/gbd-experiments/mo-proofs-reruns/results/c64d82d5b2f2e110cbf09ee64357168f.pmin.veripb.out,/wrk-kappa/users/chrisjab/gbd-experiments/mo-proofs-reruns/results/c64d82d5b2f2e110cbf09ee64357168f.pmin.veripb.var,/wrk-kappa/users/chrisjab/gbd-experiments/mo-proofs-reruns/results/c64d82d5b2f2e110cbf09ee64357168f.pmin.veripb.wat
cc4458dccc0bf33ca10eab9e08994295,0,solved,923.826,3531764,kale-810.local.cs.helsinki.fi,276,/wrk-kappa/users/chrisjab/gbd-experiments/mo-proofs-reruns/results/cc4458dccc0bf33ca10eab9e08994295.pmin.veripb.out,/wrk-kappa/users/chrisjab/gbd-experiments/mo-proofs-reruns/results/cc4458dccc0bf33ca10eab9e08994295.pmin.veripb.var,/wrk-kappa/users/chrisjab/gbd-experiments/mo-proofs-reruns/results/cc4458dccc0bf33ca10eab9e08994295.pmin.veripb.wat
d10b447b605aa87ee4df8202a37bafe4,0,solved,9362.7,5089936,kale-802.local.cs.helsinki.fi,281,/wrk-kappa/users/chrisjab/gbd-experiments/mo-proofs-reruns/results/d10b447b605aa87ee4df8202a37bafe4.pmin.veripb.out,/wrk-kappa/users/chrisjab/gbd-experiments/mo-proofs-reruns/results/d10b447b605aa87ee4df8202a37bafe4.pmin.veripb.var,/wrk-kappa/users/chrisjab/gbd-experiments/mo-proofs-reruns/results/d10b447b605aa87ee4df8202a37bafe4.pmin.veripb.wat
d1a3720661bcd2ac09a173fbb65a9d5d,0,solved,2648.86,6026660,kale-804.local.cs.helsinki.fi,283,/wrk-kappa/users/chrisjab/gbd-experiments/mo-proofs-reruns/results/d1a3720661bcd2ac09a173fbb65a9d5d.pmin.veripb.out,/wrk-kappa/users/chrisjab/gbd-experiments/mo-proofs-reruns/results/d1a3720661bcd2ac09a173fbb65a9d5d.pmin.veripb.var,/wrk-kappa/users/chrisjab/gbd-experiments/mo-proofs-reruns/results/d1a3720661bcd2ac09a173fbb65a9d5d.pmin.veripb.wat
d38a0a8e9e7b273432e8da42be8f5ee6,0,solved,5933.56,6252416,kale-804.local.cs.helsinki.fi,286,/wrk-kappa/users/chrisjab/gbd-experiments/mo-proofs-reruns/results/d38a0a8e9e7b273432e8da42be8f5ee6.pmin.veripb.out,/wrk-kappa/users/chrisjab/gbd-experiments/mo-proofs-reruns/results/d38a0a8e9e7b273432e8da42be8f5ee6.pmin.veripb.var,/wrk-kappa/users/chrisjab/gbd-experiments/mo-proofs-reruns/results/d38a0a8e9e7b273432e8da42be8f5ee6.pmin.veripb.wat
d62f54e49fcbb28e69412b137d678cb2,0,solved,1213.41,2850100,kale-810.local.cs.helsinki.fi,291,/wrk-kappa/users/chrisjab/gbd-experiments/mo-proofs-reruns/results/d62f54e49fcbb28e69412b137d678cb2.pmin.veripb.out,/wrk-kappa/users/chrisjab/gbd-experiments/mo-proofs-reruns/results/d62f54e49fcbb28e69412b137d678cb2.pmin.veripb.var,/wrk-kappa/users/chrisjab/gbd-experiments/mo-proofs-reruns/results/d62f54e49fcbb28e69412b137d678cb2.pmin.veripb.wat
d783d85d0872b899de3fa7e601256a14,0,solved,1257.25,1009640,kale-812.local.cs.helsinki.fi,293,/wrk-kappa/users/chrisjab/gbd-experiments/mo-proofs-reruns/results/d783d85d0872b899de3fa7e601256a14.pmin.veripb.out,/wrk-kappa/users/chrisjab/gbd-experiments/mo-proofs-reruns/results/d783d85d0872b899de3fa7e601256a14.pmin.veripb.var,/wrk-kappa/users/chrisjab/gbd-experiments/mo-proofs-reruns/results/d783d85d0872b899de3fa7e601256a14.pmin.veripb.wat
d8f5eedf0b78f8e1144e9669ab7aa10e,signal 15 (SIGTERM),timeout,36000.1,10403108,kale-816.local.cs.helsinki.fi,294,/wrk-kappa/users/chrisjab/gbd-experiments/mo-proofs-reruns/results/d8f5eedf0b78f8e1144e9669ab7aa10e.pmin.veripb.out,/wrk-kappa/users/chrisjab/gbd-experiments/mo-proofs-reruns/results/d8f5eedf0b78f8e1144e9669ab7aa10e.pmin.veripb.var,/wrk-kappa/users/chrisjab/gbd-experiments/mo-proofs-reruns/results/d8f5eedf0b78f8e1144e9669ab7aa10e.pmin.veripb.wat
d94f458dc4ca01ce3045953798fe8905,0,solved,2260.36,1387924,kale-808.local.cs.helsinki.fi,295,/wrk-kappa/users/chrisjab/gbd-experiments/mo-proofs-reruns/results/d94f458dc4ca01ce3045953798fe8905.pmin.veripb.out,/wrk-kappa/users/chrisjab/gbd-experiments/mo-proofs-reruns/results/d94f458dc4ca01ce3045953798fe8905.pmin.veripb.var,/wrk-kappa/users/chrisjab/gbd-experiments/mo-proofs-reruns/results/d94f458dc4ca01ce3045953798fe8905.pmin.veripb.wat
dad22b18890df09493f04dd2bbd6ca05,0,solved,9.8763,92696,kale-816.local.cs.helsinki.fi,297,/wrk-kappa/users/chrisjab/gbd-experiments/mo-proofs-reruns/results/dad22b18890df09493f04dd2bbd6ca05.pmin.veripb.out,/wrk-kappa/users/chrisjab/gbd-experiments/mo-proofs-reruns/results/dad22b18890df09493f04dd2bbd6ca05.pmin.veripb.var,/wrk-kappa/users/chrisjab/gbd-experiments/mo-proofs-reruns/results/dad22b18890df09493f04dd2bbd6ca05.pmin.veripb.wat
daefb90c84e11995cfab417041e6ce7a,0,solved,221.795,1210208,kale-816.local.cs.helsinki.fi,298,/wrk-kappa/users/chrisjab/gbd-experiments/mo-proofs-reruns/results/daefb90c84e11995cfab417041e6ce7a.pmin.veripb.out,/wrk-kappa/users/chrisjab/gbd-experiments/mo-proofs-reruns/results/daefb90c84e11995cfab417041e6ce7a.pmin.veripb.var,/wrk-kappa/users/chrisjab/gbd-experiments/mo-proofs-reruns/results/daefb90c84e11995cfab417041e6ce7a.pmin.veripb.wat
e1a793be7ebc905d3dd72eb89452c9a0,0,solved,2933.77,3425556,kale-811.local.cs.helsinki.fi,305,/wrk-kappa/users/chrisjab/gbd-experiments/mo-proofs-reruns/results/e1a793be7ebc905d3dd72eb89452c9a0.pmin.veripb.out,/wrk-kappa/users/chrisjab/gbd-experiments/mo-proofs-reruns/results/e1a793be7ebc905d3dd72eb89452c9a0.pmin.veripb.var,/wrk-kappa/users/chrisjab/gbd-experiments/mo-proofs-reruns/results/e1a793be7ebc905d3dd72eb89452c9a0.pmin.veripb.wat
e6b9d3fc4b2e1a1e3b90c688fedf9fbc,signal 15 (SIGTERM),timeout,36000.2,12248224,kale-816.local.cs.helsinki.fi,312,/wrk-kappa/users/chrisjab/gbd-experiments/mo-proofs-reruns/results/e6b9d3fc4b2e1a1e3b90c688fedf9fbc.pmin.veripb.out,/wrk-kappa/users/chrisjab/gbd-experiments/mo-proofs-reruns/results/e6b9d3fc4b2e1a1e3b90c688fedf9fbc.pmin.veripb.var,/wrk-kappa/users/chrisjab/gbd-experiments/mo-proofs-reruns/results/e6b9d3fc4b2e1a1e3b90c688fedf9fbc.pmin.veripb.wat
e71b8933d543e1117faa9de3c963c3b0,0,solved,22.164,89772,kale-810.local.cs.helsinki.fi,313,/wrk-kappa/users/chrisjab/gbd-experiments/mo-proofs-reruns/results/e71b8933d543e1117faa9de3c963c3b0.pmin.veripb.out,/wrk-kappa/users/chrisjab/gbd-experiments/mo-proofs-reruns/results/e71b8933d543e1117faa9de3c963c3b0.pmin.veripb.var,/wrk-kappa/users/chrisjab/gbd-experiments/mo-proofs-reruns/results/e71b8933d543e1117faa9de3c963c3b0.pmin.veripb.wat
e742b3c9b7bc59c8157d6d7bb172794e,0,solved,853.694,716504,kale-810.local.cs.helsinki.fi,314,/wrk-kappa/users/chrisjab/gbd-experiments/mo-proofs-reruns/results/e742b3c9b7bc59c8157d6d7bb172794e.pmin.veripb.out,/wrk-kappa/users/chrisjab/gbd-experiments/mo-proofs-reruns/results/e742b3c9b7bc59c8157d6d7bb172794e.pmin.veripb.var,/wrk-kappa/users/chrisjab/gbd-experiments/mo-proofs-reruns/results/e742b3c9b7bc59c8157d6d7bb172794e.pmin.veripb.wat
eaf667adc64c04edafd12f56b6dc81e3,0,solved,1419.68,3090072,kale-814.local.cs.helsinki.fi,320,/wrk-kappa/users/chrisjab/gbd-experiments/mo-proofs-reruns/results/eaf667adc64c04edafd12f56b6dc81e3.pmin.veripb.out,/wrk-kappa/users/chrisjab/gbd-experiments/mo-proofs-reruns/results/eaf667adc64c04edafd12f56b6dc81e3.pmin.veripb.var,/wrk-kappa/users/chrisjab/gbd-experiments/mo-proofs-reruns/results/eaf667adc64c04edafd12f56b6dc81e3.pmin.veripb.wat
ebcb111a3a1b506efaec9aeaee26a8c5,0,solved,79.8411,237308,kale-809.local.cs.helsinki.fi,321,/wrk-kappa/users/chrisjab/gbd-experiments/mo-proofs-reruns/results/ebcb111a3a1b506efaec9aeaee26a8c5.pmin.veripb.out,/wrk-kappa/users/chrisjab/gbd-experiments/mo-proofs-reruns/results/ebcb111a3a1b506efaec9aeaee26a8c5.pmin.veripb.var,/wrk-kappa/users/chrisjab/gbd-experiments/mo-proofs-reruns/results/ebcb111a3a1b506efaec9aeaee26a8c5.pmin.veripb.wat
ebfe7101d245987cc62159addd8f3859,0,solved,2624.19,792460,kale-811.local.cs.helsinki.fi,322,/wrk-kappa/users/chrisjab/gbd-experiments/mo-proofs-reruns/results/ebfe7101d245987cc62159addd8f3859.pmin.veripb.out,/wrk-kappa/users/chrisjab/gbd-experiments/mo-proofs-reruns/results/ebfe7101d245987cc62159addd8f3859.pmin.veripb.var,/wrk-kappa/users/chrisjab/gbd-experiments/mo-proofs-reruns/results/ebfe7101d245987cc62159addd8f3859.pmin.veripb.wat
f02073f677fb54d539efbe8455e815cc,0,solved,1.27959,57356,kale-809.local.cs.helsinki.fi,324,/wrk-kappa/users/chrisjab/gbd-experiments/mo-proofs-reruns/results/f02073f677fb54d539efbe8455e815cc.pmin.veripb.out,/wrk-kappa/users/chrisjab/gbd-experiments/mo-proofs-reruns/results/f02073f677fb54d539efbe8455e815cc.pmin.veripb.var,/wrk-kappa/users/chrisjab/gbd-experiments/mo-proofs-reruns/results/f02073f677fb54d539efbe8455e815cc.pmin.veripb.wat
f23f4b4f4761e4f0702f47214f580238,0,solved,45.2859,89416,kale-809.local.cs.helsinki.fi,325,/wrk-kappa/users/chrisjab/gbd-experiments/mo-proofs-reruns/results/f23f4b4f4761e4f0702f47214f580238.pmin.veripb.out,/wrk-kappa/users/chrisjab/gbd-experiments/mo-proofs-reruns/results/f23f4b4f4761e4f0702f47214f580238.pmin.veripb.var,/wrk-kappa/users/chrisjab/gbd-experiments/mo-proofs-reruns/results/f23f4b4f4761e4f0702f47214f580238.pmin.veripb.wat
f32ce767f7530924efe82f1cd6780cea,0,solved,83.9319,247428,kale-809.local.cs.helsinki.fi,327,/wrk-kappa/users/chrisjab/gbd-experiments/mo-proofs-reruns/results/f32ce767f7530924efe82f1cd6780cea.pmin.veripb.out,/wrk-kappa/users/chrisjab/gbd-experiments/mo-proofs-reruns/results/f32ce767f7530924efe82f1cd6780cea.pmin.veripb.var,/wrk-kappa/users/chrisjab/gbd-experiments/mo-proofs-reruns/results/f32ce767f7530924efe82f1cd6780cea.pmin.veripb.wat
f78ef3aef60b51b5f439105b2995d225,0,solved,952.621,3451020,kale-812.local.cs.helsinki.fi,333,/wrk-kappa/users/chrisjab/gbd-experiments/mo-proofs-reruns/results/f78ef3aef60b51b5f439105b2995d225.pmin.veripb.out,/wrk-kappa/users/chrisjab/gbd-experiments/mo-proofs-reruns/results/f78ef3aef60b51b5f439105b2995d225.pmin.veripb.var,/wrk-kappa/users/chrisjab/gbd-experiments/mo-proofs-reruns/results/f78ef3aef60b51b5f439105b2995d225.pmin.veripb.wat
fbc39383132ce803f437210dc49afd17,0,solved,1505.31,3787180,kale-810.local.cs.helsinki.fi,335,/wrk-kappa/users/chrisjab/gbd-experiments/mo-proofs-reruns/results/fbc39383132ce803f437210dc49afd17.pmin.veripb.out,/wrk-kappa/users/chrisjab/gbd-experiments/mo-proofs-reruns/results/fbc39383132ce803f437210dc49afd17.pmin.veripb.var,/wrk-kappa/users/chrisjab/gbd-experiments/mo-proofs-reruns/results/fbc39383132ce803f437210dc49afd17.pmin.veripb.wat
fe617bf7d6972f4a4553cf896dbd97f8,0,solved,11032.6,3614452,kale-809.local.cs.helsinki.fi,336,/wrk-kappa/users/chrisjab/gbd-experiments/mo-proofs-reruns/results/fe617bf7d6972f4a4553cf896dbd97f8.pmin.veripb.out,/wrk-kappa/users/chrisjab/gbd-experiments/mo-proofs-reruns/results/fe617bf7d6972f4a4553cf896dbd97f8.pmin.veripb.var,/wrk-kappa/users/chrisjab/gbd-experiments/mo-proofs-reruns/results/fe617bf7d6972f4a4553cf896dbd97f8.pmin.veripb.wat
